train/std,rollout/ep_rew_mean,time/iterations,rollout/ep_len_mean,train/n_updates,time/fps,train/learning_rate,time/total_timesteps,train/value_loss,train/policy_loss,train/explained_variance,train/entropy_loss,time/time_elapsed,eval/mean_ep_length,eval/mean_reward
0.13969890773296356,-116.08999414285712,100,134.42857142857142,99,3293,0.000957566976,12800,0.14341264963150024,-0.1711183786392212,0.9155638664960861,-1.1111618280410767,3,,
0.13751815259456635,-111.4125868888889,200,337.962962962963,199,3334,0.000955109376,25600,0.12633411586284637,0.18990348279476166,0.9468872435390949,-0.7607277035713196,7,,
0.13730329275131226,-95.17547991666667,300,474.48333333333335,299,3321,0.000952651776,38400,0.6126359701156616,-0.3337761163711548,0.9181210696697235,-1.6891250610351562,11,,
0.136606365442276,-90.24226163157896,400,502.80263157894734,399,3343,0.0009501941760000001,51200,0.30435964465141296,0.0496797114610672,0.927299864590168,-0.8278143405914307,15,,
0.13526150584220886,-83.53338706382979,500,559.1808510638298,499,3338,0.0009477365760000001,64000,0.3046765625476837,0.40499550104141235,0.9488128833472729,-1.1622052192687988,19,,
0.13424277305603027,-76.27770978000001,600,607.14,599,3339,0.000945278976,76800,0.17802083492279053,0.3254891037940979,0.9745670780539513,-1.3576284646987915,22,,
0.13442957401275635,-71.56159933999999,700,507.49,699,3335,0.0009428213760000001,89600,0.36220815777778625,-0.010548754595220089,0.9656103365123272,-1.2944010496139526,26,,
0.13396289944648743,-80.51927428,800,409.14,799,3335,0.0009403637760000001,102400,0.23472684621810913,0.3011378049850464,0.9583461359143257,-1.8638787269592285,30,,
0.13305750489234924,-91.69714725,900,309.81,899,3331,0.000937906176,115200,214.03582763671875,-8.830948829650879,0.41186803579330444,-2.21002197265625,34,,
0.1316872090101242,-88.18970448999998,1000,369.73,999,3336,0.000935448576,128000,0.1614445596933365,-0.12630069255828857,0.9599201269447803,-2.0175061225891113,38,,
0.13000532984733582,-77.76266042,1100,459.28,1099,3334,0.000932990976,140800,0.6573626399040222,0.4527875483036041,0.8308321833610535,-2.3809540271759033,42,,
0.129271000623703,-69.11737475,1200,534.89,1199,3344,0.000930533376,153600,0.7956100106239319,0.45720431208610535,0.8236085772514343,-1.6118673086166382,45,,
0.1287311464548111,,,,1249,,0.000929304576,160000,0.16637122631072998,0.3153270483016968,0.930666871368885,-1.9689908027648926,,1600.0,132.189639
0.1281723976135254,-65.23749018000001,1300,549.64,1299,2941,0.000928075776,166400,0.14808794856071472,-0.1149320900440216,0.934390127658844,-1.7198039293289185,56,,
0.1260555386543274,-65.23749018000001,1400,549.64,1399,2969,0.000925618176,179200,0.2110559493303299,0.24606405198574066,0.9646871387958527,-1.922055721282959,60,,
0.1248096227645874,-27.698382700000003,1500,732.65,1499,2991,0.000923160576,192000,1.023659586906433,0.287642240524292,0.9774159472435713,-1.7412396669387817,64,,
0.12332351505756378,-19.80764334,1600,770.28,1599,3013,0.000920702976,204800,189.67860412597656,-12.203097343444824,0.6037310659885406,-2.228569269180298,67,,
0.12175479531288147,3.800824959999998,1700,890.3,1699,3032,0.000918245376,217600,0.06962806731462479,-0.056182801723480225,0.9586623795330524,-1.7513270378112793,71,,
0.12037445604801178,28.114572839999997,1800,943.06,1799,3048,0.000915787776,230400,0.2657669484615326,0.1350189745426178,0.9986136398511007,-1.8118242025375366,75,,
0.11910788714885712,51.32262337,1900,955.06,1899,3059,0.0009133301760000001,243200,0.10344052314758301,0.014739099889993668,0.8695077747106552,-1.5693529844284058,79,,
0.11762753874063492,73.85039364000001,2000,948.8,1999,3070,0.000910872576,256000,0.46775177121162415,0.017614558339118958,0.9984865947626531,-2.038231372833252,83,,
0.1169424057006836,94.56604238,2100,976.86,2099,3081,0.0009084149760000001,268800,0.20403780043125153,-0.0004658140242099762,0.9910939298570156,-1.6919373273849487,87,,
0.11637347936630249,87.08346494999999,2200,816.91,2199,3090,0.000905957376,281600,0.11020127683877945,0.19485381245613098,0.9995384479116183,-1.882910132408142,91,,
0.11590225249528885,69.25363753000002,2300,700.43,2299,3103,0.000903499776,294400,0.9871179461479187,0.17984293401241302,0.9908651169389486,-1.9120879173278809,94,,
0.11579646170139313,28.722394770000005,2400,534.61,2399,3108,0.0009010421760000001,307200,0.8061033487319946,-0.47838911414146423,0.994865249376744,-1.4071422815322876,98,,
0.11566194146871567,,,,2499,,0.000898584576,320000,17.344345092773438,-2.1941237449645996,0.8165685683488846,-1.4546672105789185,,1096.2,278.0066046
,11.96291913,2500,465.6,,2972,,320000,,,,,107,,
0.11471101641654968,-8.14077228,2600,415.14,2599,2986,0.000896126976,332800,0.14152312278747559,0.13229209184646606,0.9051320031285286,-1.5100470781326294,111,,
0.11414581537246704,4.653704010000003,2700,450.14,2699,2998,0.0008936693760000001,345600,0.30296581983566284,0.27048203349113464,0.9560578800737858,-1.477636456489563,115,,
0.11382979154586792,-115.10894841000001,2800,80.39,2799,3003,0.000891211776,358400,236.72666931152344,-15.537810325622559,0.3695720434188843,-2.5206308364868164,119,,
0.1131214052438736,-116.53629399999998,2900,79.78,2899,3014,0.000888754176,371200,0.3512243926525116,0.19261221587657928,0.8875589668750763,-1.6238377094268799,123,,
0.11280087381601334,-83.83652902,3000,202.34,2999,3024,0.000886296576,384000,177.0392303466797,-13.836487770080566,0.7953780144453049,-1.9920066595077515,126,,
0.11380046606063843,-60.21516809,3100,298.93,3099,3031,0.000883838976,396800,0.33440256118774414,-0.09735681116580963,0.9736329801380634,-1.794098973274231,130,,
0.11350759118795395,-28.10264745,3200,403.66,3199,3041,0.000881381376,409600,1.066929817199707,-0.2917516827583313,0.994179087691009,-1.838409423828125,134,,
0.1142125204205513,-1.2246440799999965,3300,498.3,3299,3049,0.000878923776,422400,0.763945996761322,-0.15905341506004333,0.9273571893572807,-2.2091705799102783,138,,
0.11325130611658096,21.9234643,3400,572.0,3399,3055,0.000876466176,435200,3.9480061531066895,1.125730276107788,0.9789189640432596,-2.5771002769470215,142,,
0.11347518116235733,21.34656086,3500,549.68,3499,3060,0.000874008576,448000,3.743943691253662,0.24566566944122314,0.9821150433272123,-2.8497884273529053,146,,
0.11354820430278778,13.500099499999997,3600,515.17,3599,3067,0.000871550976,460800,197.27566528320312,-8.70761775970459,0.7761693894863129,-2.824068307876587,150,,
0.11324532330036163,24.771435440000005,3700,548.34,3699,3076,0.000869093376,473600,0.5843818783760071,-0.6500125527381897,0.9975045153405517,-2.5425896644592285,153,,
0.11294831335544586,,,,3749,,0.000867864576,480000,26.82008171081543,-0.74161696434021,0.26892125606536865,-2.717736005783081,,50.0,-110.1266038
0.11333863437175751,-11.43855697,3800,409.43,3799,3077,0.0008666357760000001,486400,6.4565229415893555,-1.2092145681381226,0.9645280912518501,-2.8416309356689453,158,,
0.11310768127441406,-38.146375920000004,3900,356.25,3899,3083,0.000864178176,499200,64.51439666748047,-3.585787773132324,0.8658494204282761,-3.0111546516418457,161,,
0.11286431550979614,-28.16731205,4000,406.09,3999,3091,0.000861720576,512000,133.766845703125,-13.239542007446289,0.7817787081003189,-2.9395334720611572,165,,
0.11308107525110245,-51.47517568999999,4100,352.78,4099,3095,0.0008592629760000001,524800,0.7130081653594971,-0.24970713257789612,0.9549212120473385,-2.80700421333313,169,,
0.11199423670768738,-15.961865529999997,4200,452.39,4199,3100,0.000856805376,537600,17.8054141998291,-2.1823439598083496,0.9685950838029385,-2.639280319213867,173,,
0.11182732880115509,-3.5245772700000026,4300,498.21,4299,3104,0.000854347776,550400,0.20239369571208954,0.025454573333263397,0.9051873534917831,-2.32631254196167,177,,
0.11152182519435883,24.213767909999998,4400,549.38,4399,3110,0.0008518901760000001,563200,3.4517929553985596,-1.3697829246520996,0.8039438128471375,-2.2721023559570312,181,,
0.1116126999258995,48.24638187000001,4500,609.52,4499,3114,0.000849432576,576000,65.8341064453125,-2.8509185314178467,0.8117233067750931,-2.5940439701080322,184,,
0.11053231358528137,68.26739455,4600,668.54,4599,3118,0.000846974976,588800,0.14003998041152954,0.004682086408138275,0.9995713320677169,-2.377702236175537,188,,
0.11057031899690628,99.36480040000001,4700,757.36,4699,3122,0.000844517376,601600,0.2654419541358948,-0.08738157153129578,0.9991517676389776,-2.5269999504089355,192,,
0.1107168197631836,86.05356317000002,4800,679.8,4799,3126,0.000842059776,614400,91.83683776855469,-6.205381870269775,0.9237462058663368,-2.473355293273926,196,,
0.11128102988004684,-85.45668202,4900,149.29,4899,3125,0.000839602176,627200,24.091474533081055,1.682072639465332,0.9474633112549782,-1.9583686590194702,200,,
0.11079321056604385,,,,4999,,0.0008371445759999999,640000,0.28715530037879944,0.15006521344184875,0.7864199429750443,-2.035428285598755,,1213.6,255.58070800000002
,-85.30445629000002,5000,154.23,,3054,,640000,,,,,209,,
0.11011361330747604,-78.05342423,5100,178.04,5099,3059,0.0008346869760000001,652800,0.1827135533094406,0.2301207333803177,0.8275501430034637,-1.9428493976593018,213,,
0.10980459302663803,-37.69478384999999,5200,321.18,5199,3063,0.000832229376,665600,0.10973633825778961,-0.022885777056217194,0.7843945473432541,-1.9286608695983887,217,,
0.10940465331077576,5.881088270000001,5300,461.19,5299,3068,0.000829771776,678400,0.36057278513908386,0.15026749670505524,0.697098582983017,-1.9080700874328613,221,,
0.10914577543735504,39.37313092,5400,567.19,5399,3072,0.0008273141760000001,691200,64.11762237548828,-3.9356272220611572,0.9179103374481201,-2.2763164043426514,224,,
0.10945340991020203,62.18321659999999,5500,634.51,5499,3076,0.0008248565760000001,704000,0.6182407736778259,0.17688965797424316,0.6560255289077759,-2.365689277648926,228,,
0.10918263345956802,107.43753106,5600,749.54,5599,3079,0.000822398976,716800,37.58985900878906,-0.1452210545539856,0.8935648649930954,-2.489579677581787,232,,
0.10905502736568451,115.07308122999999,5700,751.57,5699,3083,0.000819941376,729600,4.474530220031738,-0.9574437737464905,0.9532735086977482,-2.1987860202789307,236,,
0.10914862155914307,93.32270208999998,5800,663.98,5799,3087,0.0008174837760000001,742400,2.4209070205688477,-0.3684951663017273,0.6401511430740356,-2.328164577484131,240,,
0.10870361328125,81.05498264,5900,617.29,5899,3092,0.000815026176,755200,1.891150712966919,1.0767252445220947,0.9383763894438744,-2.2918381690979004,244,,
0.10912790894508362,91.40179605000002,6000,636.56,5999,3094,0.000812568576,768000,0.14677144587039948,0.18302828073501587,0.9996339530625846,-2.698213815689087,248,,
0.10927912592887878,79.94610903000002,6100,604.89,6099,3099,0.0008101109760000001,780800,2.497128486633301,0.3964757025241852,0.9959968053735793,-2.7398769855499268,251,,
0.10905012488365173,38.83006114,6200,486.26,6199,3101,0.000807653376,793600,14.843213081359863,-0.03534644842147827,0.9797448236495256,-2.5005831718444824,255,,
0.1093970388174057,,,,6249,,0.000806424576,800000,77.09297180175781,-3.5979654788970947,0.8999549597501755,-2.919214963912964,,160.2,-122.73852099999999
0.10962013155221939,-50.87394619999999,6300,305.41,6299,3093,0.000805195776,806400,16.413219451904297,-2.382659435272217,0.9762435648590326,-2.920010566711426,260,,
0.10903479903936386,-69.05624889999999,6400,273.85,6399,3098,0.0008027381759999999,819200,1.1678487062454224,0.5367725491523743,0.9938938403502107,-2.6337056159973145,264,,
0.10957592725753784,-59.324198720000005,6500,317.98,6499,3101,0.000800280576,832000,3.935176372528076,0.5241527557373047,0.9899981422349811,-2.917567729949951,268,,
0.1099274605512619,-32.30207099,6600,358.08,6599,3104,0.000797822976,844800,72.89049530029297,9.824395179748535,0.9449567496776581,-3.0691213607788086,272,,
0.11012488603591919,-7.641950060000003,6700,413.15,6699,3107,0.0007953653759999999,857600,24.774930953979492,-2.7108960151672363,0.2194858193397522,-3.0811264514923096,275,,
0.11028590798377991,17.614465149999997,6800,491.44,6799,3111,0.0007929077760000001,870400,0.36389023065567017,-0.3346172869205475,0.975105294957757,-3.0118227005004883,279,,
0.11037096381187439,43.55787442999999,6900,571.11,6899,3114,0.000790450176,883200,2.1139369010925293,-0.22036179900169373,0.9257895275950432,-3.323575973510742,283,,
0.11009694635868073,67.69199617999999,7000,642.89,6999,3117,0.000787992576,896000,66.83843231201172,-14.36005687713623,0.909796841442585,-3.1501712799072266,287,,
0.10996517539024353,75.94395906999999,7100,663.61,7099,3120,0.0007855349760000001,908800,27.893028259277344,-2.310227394104004,0.9174915105104446,-3.471872091293335,291,,
0.11013332009315491,74.82752621000003,7200,649.38,7199,3124,0.0007830773760000001,921600,10.187166213989258,-1.2244623899459839,0.9902710989117622,-3.2910454273223877,294,,
0.1099819540977478,38.29896338,7300,538.41,7299,3127,0.000780619776,934400,3.0085206031799316,0.3179086148738861,0.9058393016457558,-3.383763551712036,298,,
0.10992951691150665,36.679407489999996,7400,509.51,7399,3130,0.000778162176,947200,3.1374049186706543,0.42067134380340576,0.9854338085278869,-3.222165822982788,302,,
0.1099536269903183,,,,7499,,0.0007757045760000001,960000,0.5609855651855469,0.2958309054374695,0.8809036761522293,-3.3016843795776367,,975.0,265.135585
,53.43058825999999,7500,556.47,,3090,,960000,,,,,310,,
0.1098344698548317,59.55970950999999,7600,570.89,7599,3093,0.000773246976,972800,0.5587548613548279,-0.7481981515884399,0.9298508390784264,-3.1144847869873047,314,,
0.10919805616140366,96.40574834000003,7700,650.91,7699,3095,0.000770789376,985600,0.09217684715986252,0.11290372908115387,0.9935435857623816,-2.639639377593994,318,,
0.10927817970514297,124.60518174,7800,712.09,7799,3098,0.000768331776,998400,62.86894226074219,-8.638077735900879,0.9349078759551048,-3.0757827758789062,322,,
0.1089063435792923,124.71025894999998,7900,715.83,7899,3102,0.000765874176,1011200,27.19999885559082,-4.893213272094727,0.9640692919492722,-2.8532774448394775,325,,
0.10906316339969635,84.45324790000001,8000,599.9,7999,3103,0.000763416576,1024000,22.470706939697266,-3.1880831718444824,0.9820533413439989,-2.88748836517334,329,,
0.10911521315574646,-4.157275699999997,8100,370.11,8099,3105,0.000760958976,1036800,13.593557357788086,2.6642704010009766,0.9828615337610245,-2.8363912105560303,333,,
0.10966181755065918,-1.4662691899999976,8200,375.01,8199,3108,0.000758501376,1049600,0.09119704365730286,-0.10951881110668182,0.9179362058639526,-2.8738632202148438,337,,
0.10909371078014374,19.835416289999998,8300,435.07,8299,3111,0.0007560437760000001,1062400,16.505399703979492,-2.656503915786743,0.9565035738050938,-2.8861310482025146,341,,
0.10833344608545303,49.24935137000001,8400,534.98,8399,3114,0.0007535861759999999,1075200,0.1779526323080063,0.1134219840168953,0.9629956632852554,-2.899235248565674,345,,
0.107791468501091,73.57989913000002,8500,604.81,8499,3116,0.0007511285760000001,1088000,0.19384272396564484,-0.05721229314804077,0.9744206853210926,-3.245918035507202,349,,
0.10832401365041733,116.19797899000002,8600,716.94,8599,3118,0.000748670976,1100800,0.17057596147060394,0.1754174381494522,0.9761575255542994,-3.092355251312256,352,,
0.10786924511194229,151.21981889000003,8700,821.13,8699,3120,0.000746213376,1113600,0.2284087836742401,-0.22948911786079407,0.9994039221201092,-3.299776792526245,356,,
0.1073891744017601,,,,8749,,0.000744984576,1120000,2.5551209449768066,-0.8802319765090942,0.8576992601156235,-3.0812933444976807,,1020.4,223.87529839999996
0.10767490416765213,167.08803946000003,8800,870.51,8799,3078,0.0007437557760000001,1126400,0.2128533124923706,-0.099286288022995,0.9995686972688418,-3.0299010276794434,365,,
0.10743317008018494,186.70566622,8900,924.4,8899,3080,0.0007412981760000001,1139200,0.3600207269191742,0.7808866500854492,0.9988990548299626,-3.056715250015259,369,,
0.10696957260370255,195.33251884000003,9000,939.96,8999,3082,0.000738840576,1152000,23.489171981811523,-3.561784267425537,0.9295230954885483,-3.324969530105591,373,,
0.10656704753637314,198.38459903000003,9100,941.87,9099,3085,0.0007363829760000001,1164800,1.07582426071167,-2.165534257888794,0.9981039125705138,-3.186565399169922,377,,
0.1060967743396759,210.91838637,9200,955.84,9199,3087,0.000733925376,1177600,11.843172073364258,-2.7705984115600586,0.40945321321487427,-3.0137574672698975,381,,
0.10587017238140106,210.05069748000003,9300,952.18,9299,3089,0.000731467776,1190400,0.08908876031637192,0.1714756190776825,0.9670117236673832,-3.1330223083496094,385,,
0.10536365211009979,201.65596101,9400,918.34,9399,3091,0.000729010176,1203200,0.6119840741157532,0.07633088529109955,0.9988153377780691,-3.360496759414673,389,,
0.10576659440994263,191.1401214,9500,886.97,9499,3095,0.000726552576,1216000,60.1204833984375,-5.361672401428223,0.9387200772762299,-3.4463210105895996,392,,
0.10521481931209564,172.97075687,9600,841.31,9599,3097,0.000724094976,1228800,0.5663720369338989,-0.7069116830825806,0.9399044178426266,-3.227555513381958,396,,
0.10473033785820007,167.42851170000003,9700,828.2,9699,3099,0.000721637376,1241600,1.4736896753311157,-0.17311272025108337,0.9970615804195404,-3.2939343452453613,400,,
0.10433042049407959,153.13049231000002,9800,798.35,9799,3101,0.0007191797760000001,1254400,0.35226258635520935,0.7289038896560669,0.9991532323183492,-3.2611732482910156,404,,
0.10460426658391953,142.60897343,9900,772.38,9899,3103,0.000716722176,1267200,0.2709346115589142,-0.2991926372051239,0.8881802260875702,-3.358217716217041,408,,
0.10430119931697845,,,,9999,,0.0007142645760000001,1280000,7.211418628692627,-1.456744909286499,0.9943009256385267,-3.2566006183624268,,54.0,-108.4191128
,139.99190253000003,10000,765.65,,3103,,1280000,,,,,412,,
0.10411300510168076,102.71144461000002,10100,666.41,10099,3106,0.0007118069759999999,1292800,0.4760371446609497,0.01885637268424034,0.979724382981658,-3.091881275177002,416,,
0.10406238585710526,104.54936201000002,10200,679.69,10199,3108,0.0007093493760000001,1305600,24.697689056396484,-1.2866512537002563,0.8669283092021942,-3.1078591346740723,420,,
0.10436869412660599,114.66356938999999,10300,694.47,10299,3110,0.000706891776,1318400,0.4860127568244934,0.022621415555477142,0.9695740286260843,-3.2231454849243164,423,,
0.10427777469158173,106.82465161999998,10400,672.89,10399,3112,0.000704434176,1331200,3.709228992462158,-1.0489906072616577,0.7669230997562408,-3.1556336879730225,427,,
0.10434525460004807,110.27621836000002,10500,679.93,10499,3114,0.000701976576,1344000,0.3376970589160919,-0.12447407841682434,0.9458748660981655,-3.072787046432495,431,,
0.10449662059545517,115.02384555999998,10600,687.04,10599,3116,0.000699518976,1356800,66.4246597290039,-4.185243606567383,0.8747154772281647,-3.1539907455444336,435,,
0.10432220250368118,134.98401149,10700,734.23,10699,3118,0.000697061376,1369600,0.9222656488418579,-0.3513868451118469,0.9984695996390656,-3.292009115219116,439,,
0.10366502404212952,144.14395773,10800,747.86,10799,3121,0.0006946037760000001,1382400,0.12208445370197296,0.5202518105506897,0.9800753053277731,-3.114699125289917,442,,
0.10358943790197372,142.53621243,10900,740.19,10899,3123,0.000692146176,1395200,1.4005441665649414,0.07483866810798645,0.998297582147643,-2.9459762573242188,446,,
0.10379894822835922,130.88211324,11000,712.26,10999,3124,0.000689688576,1408000,0.14675414562225342,-0.19250714778900146,0.9635416120290756,-2.915271520614624,450,,
0.10368163138628006,135.46398676999996,11100,716.88,11099,3126,0.000687230976,1420800,0.2542997896671295,0.31363484263420105,0.9997368864424061,-3.09260630607605,454,,
0.10374446213245392,146.15310742000003,11200,738.04,11199,3128,0.000684773376,1433600,0.07803726196289062,-0.002646779641509056,0.9925200045108795,-3.2568273544311523,458,,
0.10399647057056427,,,,11249,,0.0006835445760000001,1440000,0.0959697812795639,0.10171682387590408,0.7709227353334427,-3.078671932220459,,901.2,272.0595596
0.1037641316652298,164.99661946999996,11300,773.77,11299,3103,0.000682315776,1446400,0.19915707409381866,0.0866943746805191,0.8468993008136749,-3.197300910949707,466,,
0.10390159487724304,166.84977203999998,11400,782.12,11399,3105,0.000679858176,1459200,2.374495506286621,1.200102686882019,0.9921059068292379,-3.1796789169311523,469,,
0.10398407280445099,179.92832457999998,11500,821.19,11499,3107,0.0006774005760000001,1472000,53.567665100097656,-6.630499839782715,0.9184476211667061,-3.0004615783691406,473,,
0.10373728722333908,178.35370337999996,11600,820.8,11599,3108,0.000674942976,1484800,10.352818489074707,-1.2377315759658813,0.9740354288369417,-2.8170502185821533,477,,
0.10310734808444977,201.59862698000003,11700,873.36,11699,3110,0.000672485376,1497600,0.18336980044841766,0.18027842044830322,0.8739161342382431,-3.2008683681488037,481,,
0.10265791416168213,216.61050226999998,11800,902.54,11799,3111,0.000670027776,1510400,0.10002100467681885,0.1078861877322197,0.9344483464956284,-2.8625075817108154,485,,
0.1021461933851242,220.38406494999998,11900,915.17,11899,3113,0.0006675701760000001,1523200,0.09917169064283371,-0.016040418297052383,0.9467987380921841,-2.9163920879364014,489,,
0.10235830396413803,209.69716900000003,12000,900.71,11999,3115,0.0006651125759999999,1536000,5.199851036071777,-0.3029323220252991,0.9032017216086388,-3.02474045753479,493,,
0.10232312232255936,187.03580889999998,12100,855.5,12099,3116,0.000662654976,1548800,1.670222520828247,-0.7220131158828735,0.9982498352183029,-3.1018285751342773,496,,
0.10251813381910324,176.30992509000004,12200,832.28,12199,3119,0.000660197376,1561600,0.8969369530677795,-0.17076529562473297,0.998237774358131,-3.2593657970428467,500,,
0.10257953405380249,173.39515689,12300,825.6,12299,3121,0.000657739776,1574400,0.1471167653799057,0.41704562306404114,0.9019457176327705,-3.3290467262268066,504,,
0.10224389284849167,164.45935656999998,12400,810.75,12399,3123,0.000655282176,1587200,13.921185493469238,1.4433643817901611,0.9631569646298885,-3.07454252243042,508,,
0.1022299975156784,,,,12499,,0.0006528245760000001,1600000,0.42373791337013245,0.0858277678489685,0.8958088979125023,-3.0130372047424316,,794.4,161.6415958
,158.85399289999998,12500,798.71,,3095,,1600000,,,,,516,,
0.10286742448806763,160.73144737,12600,801.11,12599,3097,0.000650366976,1612800,2.113888740539551,-0.749181866645813,0.9950248640961945,-3.010340690612793,520,,
0.10299336910247803,164.55610348000002,12700,799.68,12699,3099,0.000647909376,1625600,0.08687523752450943,0.15076597034931183,0.9511342979967594,-3.1082754135131836,524,,
0.10248378664255142,192.39446561,12800,840.93,12799,3101,0.0006454517760000001,1638400,0.16284681856632233,0.25294923782348633,0.9591771103441715,-3.0367631912231445,528,,
0.10227305442094803,202.39297423,12900,856.47,12899,3102,0.000642994176,1651200,22.0904598236084,0.654655933380127,0.8086657226085663,-2.982706308364868,532,,
0.10207065939903259,206.62194671,13000,856.68,12999,3104,0.000640536576,1664000,0.09844612330198288,0.023705439642071724,0.9792655166238546,-3.032071113586426,536,,
0.10186106711626053,211.00456987,13100,852.95,13099,3106,0.0006380789759999999,1676800,0.07223165035247803,0.06020478159189224,0.8686666041612625,-2.8478643894195557,539,,
0.10191892832517624,220.10101597000005,13200,855.26,13199,3107,0.0006356213760000001,1689600,16.009628295898438,-1.4188885688781738,0.9677998125553131,-3.040400266647339,543,,
0.10153424739837646,226.98617879999995,13300,853.75,13299,3109,0.000633163776,1702400,0.5595674514770508,0.4177719056606293,0.9987866289447993,-2.8936638832092285,547,,
0.1014813482761383,214.53563404000005,13400,814.52,13399,3110,0.000630706176,1715200,0.40708446502685547,-0.15106475353240967,0.9992714792606421,-2.9109690189361572,551,,
0.10155126452445984,220.27711636,13500,814.38,13499,3112,0.000628248576,1728000,0.15623247623443604,-0.23518717288970947,0.8249868303537369,-2.9816765785217285,555,,
0.10125039517879486,212.32909906000003,13600,793.27,13599,3114,0.0006257909760000001,1740800,0.09986250102519989,0.4841918349266052,0.9660725742578506,-3.15128493309021,559,,
0.10165178775787354,207.92641013,13700,778.84,13699,3115,0.0006233333759999999,1753600,0.06667082756757736,0.27757328748703003,0.9854028206318617,-2.97098970413208,562,,
0.10178444534540176,,,,13749,,0.000622104576,1760000,0.06619025766849518,0.16222603619098663,0.9737084284424782,-3.070845127105713,,874.8,277.96903760000004
0.10160233825445175,200.54674425999997,13800,761.13,13799,3095,0.000620875776,1766400,0.15488477051258087,-0.05652320757508278,0.856368750333786,-2.9869065284729004,570,,
0.10131371021270752,207.71792879999998,13900,771.35,13899,3097,0.0006184181760000001,1779200,5.931482315063477,0.4856753349304199,-0.06438136100769043,-3.114760398864746,574,,
0.10126396268606186,211.58936617000003,14000,780.19,13999,3098,0.000615960576,1792000,0.04689829424023628,0.22256049513816833,0.9287633001804352,-3.164780378341675,578,,
0.10115763545036316,225.1935693,14100,805.9,14099,3099,0.000613502976,1804800,0.03742886707186699,-0.021789997816085815,0.9400535821914673,-2.997605323791504,582,,
0.10059118270874023,228.61532941000002,14200,806.4,14199,3101,0.0006110453760000001,1817600,0.22994384169578552,0.4094892144203186,0.9818617552518845,-3.0574231147766113,586,,
0.10071250051259995,235.88423061000006,14300,817.99,14299,3102,0.000608587776,1830400,32.66108322143555,-3.609163522720337,0.9525732696056366,-2.8352608680725098,589,,
0.10040503740310669,237.46112998,14400,814.87,14399,3104,0.000606130176,1843200,0.49873411655426025,-0.32598528265953064,0.7741462886333466,-2.8870909214019775,593,,
0.1004839614033699,243.40049019000003,14500,824.16,14499,3105,0.000603672576,1856000,0.18545183539390564,-0.030739452689886093,0.9864034187048674,-2.7860960960388184,597,,
0.10047616809606552,225.43682232000003,14600,792.05,14599,3107,0.000601214976,1868800,9.154693603515625,0.4148983359336853,0.8756481260061264,-2.9450204372406006,601,,
0.10059797018766403,227.62687734999997,14700,793.41,14699,3109,0.0005987573760000001,1881600,0.5168119072914124,-0.5220420956611633,0.8539809286594391,-2.8628249168395996,605,,
0.10056699812412262,226.20193608000002,14800,787.57,14799,3110,0.0005962997759999999,1894400,0.0967644453048706,-0.04533124715089798,0.9906246270984411,-2.8038554191589355,609,,
0.10051484405994415,214.16753806999998,14900,761.33,14899,3111,0.0005938421760000001,1907200,0.2047809362411499,-0.16249093413352966,0.98795928619802,-2.903503894805908,612,,
0.10030242800712585,,,,14999,,0.000591384576,1920000,87.58397674560547,-12.641383171081543,0.9296975135803223,-2.9527082443237305,,469.6,35.487323200000006
,214.50103837000003,15000,766.07,,3094,,1920000,,,,,620,,
0.10035824775695801,189.54896610000003,15100,724.91,15099,3096,0.000588926976,1932800,0.09036675840616226,0.12843777239322662,0.9092265591025352,-2.864185333251953,624,,
0.09988334774971008,196.00191581,15200,735.56,15199,3097,0.000586469376,1945600,47.787818908691406,-3.322463035583496,0.2733139991760254,-3.0175259113311768,628,,
0.10014735162258148,189.89124378999998,15300,728.23,15299,3099,0.0005840117760000001,1958400,0.6035059690475464,-0.48884451389312744,0.9993307930417359,-2.7959437370300293,631,,
0.10019837319850922,178.85123654000003,15400,713.8,15399,3100,0.0005815541759999999,1971200,0.07392890006303787,-0.05088244006037712,0.8532025068998337,-2.897639274597168,635,,
0.1001301184296608,179.68760157,15500,721.51,15499,3101,0.0005790965760000001,1984000,116.23958587646484,4.877624034881592,0.04196292161941528,-3.0315773487091064,639,,
0.10041867196559906,182.51852544999997,15600,726.38,15599,3102,0.0005766389760000001,1996800,0.06724800914525986,0.2403208613395691,0.942780327051878,-2.8817059993743896,643,,
0.10047920048236847,191.25654409000003,15700,748.06,15699,3104,0.000574181376,2009600,12.626143455505371,-0.05959346890449524,0.9879774143919349,-2.916857957839966,647,,
0.10024091601371765,172.47095978000002,15800,714.17,15799,3105,0.000571723776,2022400,15.51784896850586,-2.2633588314056396,0.9847677079960704,-2.793699264526367,651,,
0.09969936311244965,175.21375048,15900,713.48,15899,3106,0.000569266176,2035200,0.5700974464416504,-0.17560578882694244,0.8731367737054825,-2.6951375007629395,655,,
0.09957531839609146,167.39754428,16000,704.39,15999,3107,0.000566808576,2048000,21.130094528198242,-3.787919282913208,0.9415013864636421,-3.0540101528167725,659,,
0.09923853725194931,152.37202741000002,16100,682.72,16099,3108,0.000564350976,2060800,5.011356830596924,-1.7505003213882446,0.9927332061342895,-3.085434675216675,662,,
0.09944536536931992,152.35392958999998,16200,676.92,16199,3109,0.000561893376,2073600,3.502124547958374,-0.46927013993263245,0.9969172866549343,-3.1385498046875,666,,
0.0992177203297615,,,,16249,,0.000560664576,2080000,4.008042812347412,-0.11011599004268646,0.9651420786976814,-3.0660815238952637,,834.4,280.3917526
0.09888660907745361,159.7089069,16300,684.9,16299,3093,0.000559435776,2086400,0.14977143704891205,0.4468529522418976,0.9260855242609978,-3.0097861289978027,674,,
0.09865337610244751,180.55905324999995,16400,714.52,16399,3094,0.0005569781760000001,2099200,0.4007110595703125,0.2813422679901123,0.9711064640432596,-3.0085978507995605,678,,
0.09884127229452133,172.28989805,16500,704.68,16499,3096,0.0005545205759999999,2112000,0.4788588285446167,-0.3231598138809204,0.9772227481007576,-2.8449487686157227,682,,
0.09860698878765106,170.82362223999996,16600,699.2,16599,3097,0.0005520629760000001,2124800,15.648865699768066,-1.885043978691101,0.977963900193572,-2.810020685195923,685,,
0.0985228419303894,179.47007639,16700,714.75,16699,3099,0.000549605376,2137600,0.10637859255075455,0.12483271956443787,0.9446431547403336,-2.90165638923645,689,,
0.09820161014795303,196.38688163000003,16800,745.38,16799,3100,0.000547147776,2150400,0.11221819370985031,-0.05466702580451965,0.987962924875319,-2.8035571575164795,693,,
0.09815134853124619,201.70866490999998,16900,755.94,16899,3102,0.000544690176,2163200,47.004493713378906,-5.221458911895752,0.9519478492438793,-2.8686985969543457,697,,
0.09806359559297562,198.85410707000003,17000,756.2,16999,3103,0.000542232576,2176000,0.19934065639972687,-0.3410854935646057,0.9773495830595493,-2.758918523788452,701,,
0.09718835353851318,211.35765350000003,17100,768.41,17099,3104,0.0005397749759999999,2188800,0.05603577941656113,-0.08519182354211807,0.9362522959709167,-2.676715612411499,704,,
0.09726715087890625,233.98390400999995,17200,803.0,17199,3105,0.0005373173760000001,2201600,0.16026553511619568,0.3068769574165344,0.9839041586965322,-2.7939321994781494,708,,
0.0972130224108696,220.84555407000005,17300,767.94,17299,3107,0.000534859776,2214400,5.790037155151367,0.9038951992988586,0.9926900956779718,-2.6376326084136963,712,,
0.09738174080848694,185.39365690999995,17400,691.93,17399,3108,0.000532402176,2227200,0.6953276991844177,0.06761419028043747,0.9382554478943348,-2.6093788146972656,716,,
0.09691277891397476,,,,17499,,0.000529944576,2240000,5.342598915100098,-1.7863593101501465,0.9955724622122943,-2.644183874130249,,729.4,222.04261839999998
,192.26810340999992,17500,693.96,,3093,,2240000,,,,,724,,
0.09677727520465851,175.92713578,17600,669.57,17599,3095,0.000527486976,2252800,25.178701400756836,1.2781016826629639,0.8636660277843475,-2.8024144172668457,727,,
0.09687770903110504,172.92448589999995,17700,663.58,17699,3096,0.000525029376,2265600,0.10311046242713928,0.10095639526844025,0.9855265449732542,-2.7697434425354004,731,,
0.09688415378332138,160.41957731,17800,629.3,17799,3097,0.000522571776,2278400,22.40747833251953,-4.561922550201416,0.9920164933428168,-2.6948018074035645,735,,
0.0967620462179184,135.33833911000002,17900,580.53,17899,3098,0.000520114176,2291200,0.20523333549499512,-0.4909398853778839,0.8698190003633499,-2.73087739944458,739,,
0.09694209694862366,140.84832000000003,18000,595.2,17999,3099,0.000517656576,2304000,0.0734030157327652,0.19649602472782135,0.9713732730597258,-2.736933708190918,743,,
0.09660366177558899,137.14936024999997,18100,586.67,18099,3101,0.0005151989760000001,2316800,0.03967021033167839,-0.025208547711372375,0.996285408269614,-2.7414281368255615,747,,
0.09628438204526901,133.70022837,18200,580.07,18199,3102,0.000512741376,2329600,0.05626731738448143,0.13634566962718964,0.9965825858525932,-2.7729482650756836,750,,
0.09650672227144241,162.03597241999998,18300,636.08,18299,3103,0.0005102837760000001,2342400,2.9673428535461426,0.17421145737171173,0.7598287463188171,-2.7605855464935303,754,,
0.0964101031422615,199.27506835000003,18400,711.81,18399,3105,0.0005078261759999999,2355200,0.24830666184425354,-0.06285356730222702,0.9473410621285439,-2.742710828781128,758,,
0.09613527357578278,231.39649732,18500,776.3,18499,3106,0.000505368576,2368000,0.0677206888794899,0.02661263197660446,0.9506345205008984,-2.682563066482544,762,,
0.09602843225002289,232.34772668999997,18600,773.55,18599,3107,0.000502910976,2380800,1.0393645763397217,-0.0064941346645355225,0.9968895155470818,-2.8553690910339355,766,,
0.09594439715147018,238.95538941999996,18700,784.84,18699,3108,0.000500453376,2393600,0.10646919161081314,-0.20478516817092896,0.8758264631032944,-2.6546483039855957,770,,
0.095964714884758,,,,18749,,0.000499224576,2400000,0.0682753473520279,-0.05559385195374489,0.9827005714178085,-2.4292781352996826,,808.4,287.248704
0.09575872868299484,233.00689634999998,18800,769.88,18799,3094,0.0004979957759999999,2406400,0.0829501673579216,-0.10467234253883362,0.9998903387895552,-2.6694459915161133,777,,
0.09554460644721985,236.35442638999996,18900,781.56,18899,3095,0.0004955381760000001,2419200,0.06620623171329498,0.1482197493314743,0.8821552768349648,-2.625520706176758,781,,
0.09544672071933746,217.49603550999996,19000,733.95,18999,3096,0.000493080576,2432000,0.7271303534507751,-0.03943765163421631,0.9993380929809064,-2.7639505863189697,785,,
0.09538454562425613,190.68681982,19100,679.28,19099,3098,0.000490622976,2444800,0.025012845173478127,-0.0029031336307525635,0.928600363433361,-2.7795722484588623,789,,
0.09555976092815399,192.20907959,19200,677.63,19199,3099,0.000488165376,2457600,0.151190847158432,-0.319273978471756,0.8580049127340317,-2.704230546951294,792,,
0.09556335210800171,181.24410655,19300,660.25,19299,3100,0.00048570777600000003,2470400,0.03598518669605255,0.14163470268249512,0.9880010634660721,-2.8501174449920654,796,,
0.0954890251159668,117.01739208,19400,540.78,19399,3101,0.000483250176,2483200,0.01883268915116787,0.031174564734101295,0.9821288865059614,-2.817142963409424,800,,
0.09521321207284927,111.24875442999999,19500,540.66,19499,3102,0.000480792576,2496000,0.4558974504470825,-1.113105058670044,0.9996026386215817,-2.8717703819274902,804,,
0.09487638622522354,65.79434996,19600,457.21,19599,3103,0.00047833497599999997,2508800,0.06378505378961563,0.0858793556690216,0.9837842453271151,-2.7928056716918945,808,,
0.09474637359380722,62.51421179999999,19700,452.85,19699,3104,0.000475877376,2521600,2.29758358001709,0.05884425342082977,0.9969120440073311,-2.6636297702789307,812,,
0.09488282352685928,72.15835161,19800,474.06,19799,3106,0.000473419776,2534400,6.177656650543213,-1.2338335514068604,0.9946702071465552,-2.730815887451172,815,,
0.09480362385511398,50.91175794000001,19900,430.12,19899,3107,0.00047096217599999996,2547200,0.24334949254989624,0.5808628797531128,0.9996771393052768,-2.8729100227355957,819,,
0.09456899017095566,,,,19999,,0.000468504576,2560000,2.9163146018981934,-0.41178229451179504,0.8379408866167068,-2.5208613872528076,,678.0,190.28059960000002
,66.90699334,20000,461.57,,3094,,2560000,,,,,827,,
0.09423889964818954,62.495693749999994,20100,445.31,20099,3095,0.0004660469760000001,2572800,90.6856460571289,3.8091611862182617,0.9529293887317181,-2.715343475341797,831,,
0.09424331039190292,23.319495549999996,20200,353.97,20199,3096,0.00046358937600000005,2585600,0.0857720673084259,-0.18027836084365845,0.9854741320014,-2.7267189025878906,835,,
0.09400436282157898,16.041916259999997,20300,339.89,20299,3097,0.00046113177600000003,2598400,34.76163101196289,-4.9322309494018555,0.8568450212478638,-2.791353225708008,838,,
0.09393656253814697,39.62829578,20400,386.81,20399,3097,0.00045867417600000006,2611200,0.04411423206329346,0.12626491487026215,0.9955415199510753,-2.7426021099090576,842,,
0.09380796551704407,80.06187391000002,20500,470.28,20499,3098,0.00045621657600000004,2624000,62.755088806152344,1.8136892318725586,0.9587500281631947,-2.7822132110595703,846,,
0.09365860372781754,104.46073200999999,20600,533.15,20599,3100,0.000453758976,2636800,0.12541288137435913,0.206194207072258,0.9306816160678864,-2.571424961090088,850,,
0.09356024861335754,145.9628732,20700,623.71,20699,3101,0.000451301376,2649600,5.651113510131836,-0.13275574147701263,0.9932650830596685,-2.7717719078063965,854,,
0.09367204457521439,109.36504915000002,20800,567.35,20799,3102,0.00044884377600000003,2662400,2.530397653579712,-0.41499409079551697,0.9588181003928185,-2.6164426803588867,858,,
0.09372857958078384,112.9898729,20900,572.91,20899,3102,0.000446386176,2675200,0.49508407711982727,0.3804660737514496,0.9466920904815197,-2.7057044506073,862,,
0.09368486702442169,131.92527891999998,21000,602.81,20999,3104,0.000443928576,2688000,0.08867739886045456,0.37827596068382263,0.9722140561789274,-2.6221888065338135,865,,
0.09318270534276962,166.51369657000004,21100,665.62,21099,3105,0.000441470976,2700800,0.0447625033557415,-0.13043951988220215,0.9892071327194571,-2.60894775390625,869,,
0.0928553119301796,181.23577746999996,21200,685.18,21199,3105,0.000439013376,2713600,0.13437627255916595,0.256144642829895,0.9912863606587052,-2.676723003387451,873,,
0.09287768602371216,,,,21249,,0.00043778457600000006,2720000,86.08333587646484,-9.689196586608887,0.8646662831306458,-2.621755838394165,,745.8,239.282573
0.09291864186525345,184.91204446000006,21300,686.82,21299,3093,0.00043655577599999997,2726400,97.70777130126953,-13.496716499328613,0.8144035786390305,-2.5259125232696533,881,,
0.0927102267742157,218.36120039000002,21400,750.59,21399,3094,0.00043409817599999995,2739200,134.06275939941406,-5.968113899230957,0.7464018762111664,-2.5949594974517822,885,,
0.09296989440917969,182.62559899,21500,694.86,21499,3095,0.000431640576,2752000,1.1221407651901245,0.8599640130996704,0.9992159249377437,-2.724482536315918,889,,
0.09313254803419113,146.63165637,21600,633.68,21599,3095,0.00042918297599999996,2764800,26.621139526367188,2.0099053382873535,0.3357754945755005,-2.4822981357574463,893,,
0.09297508001327515,139.5551061,21700,621.52,21699,3096,0.00042672537599999994,2777600,0.11961096525192261,0.000750398263335228,0.950251504778862,-2.5529561042785645,896,,
0.09307612478733063,135.58299434,21800,619.0,21799,3097,0.0004242677760000001,2790400,0.9916016459465027,-0.06977355480194092,0.9994971212581731,-2.8251287937164307,900,,
0.09328792989253998,127.8578789,21900,603.55,21899,3098,0.00042181017600000006,2803200,0.16026732325553894,0.10842401534318924,0.9464053809642792,-2.595806121826172,904,,
0.09325722604990005,125.09433273,22000,602.94,21999,3099,0.00041935257600000004,2816000,70.64408111572266,-4.325907230377197,0.932155929505825,-2.6363675594329834,908,,
0.09303489327430725,136.67256917,22100,618.77,22099,3100,0.000416894976,2828800,0.5853273868560791,-0.4478275179862976,0.9700625874102116,-2.6339619159698486,912,,
0.09310796856880188,137.40569892,22200,619.43,22199,3101,0.00041443737600000005,2841600,24.574501037597656,2.197942018508911,-0.4669240713119507,-2.698151111602783,916,,
0.09306637942790985,152.28012073999997,22300,636.19,22299,3102,0.000411979776,2854400,0.4335368573665619,0.23193910717964172,0.9741425439715385,-2.465672492980957,920,,
0.09290845692157745,171.34286303000002,22400,667.65,22399,3103,0.000409522176,2867200,0.7195965647697449,-0.15602819621562958,0.9992028593551368,-2.573005437850952,923,,
0.09285895526409149,,,,22499,,0.00040706457600000003,2880000,81.63067626953125,-6.043656349182129,0.611791342496872,-2.3810341358184814,,711.6,244.41861900000004
,188.99650197000003,22500,684.1,,3093,,2880000,,,,,931,,
0.0929546058177948,218.47129911000005,22600,723.19,22599,3094,0.000404606976,2892800,0.048313140869140625,-0.0865987241268158,0.998334898147732,-2.4607112407684326,934,,
0.09282039105892181,215.28075077999998,22700,710.09,22699,3095,0.000402149376,2905600,0.2526044547557831,-0.13284103572368622,0.9930074857547879,-2.644200563430786,938,,
0.09280013293027878,208.05047165000005,22800,688.32,22799,3096,0.00039969177599999997,2918400,5.715396881103516,-0.5045191645622253,0.9928433913737535,-2.661672353744507,942,,
0.09298299252986908,179.41400259,22900,635.76,22899,3097,0.000397234176,2931200,2.3504064083099365,0.7170623540878296,0.9956723088398576,-2.73341703414917,946,,
0.09274489432573318,167.95611004000006,23000,620.29,22999,3098,0.000394776576,2944000,0.029704002663493156,0.09076149761676788,0.9799891766160727,-2.8180830478668213,950,,
0.09239837527275085,175.69587633000003,23100,633.01,23099,3099,0.00039231897599999996,2956800,142.74142456054688,-9.529638290405273,0.3775675296783447,-2.704890251159668,954,,
0.09229602664709091,162.49360905000003,23200,609.35,23199,3099,0.000389861376,2969600,25.861684799194336,-2.695897102355957,0.9436057135462761,-2.7713160514831543,958,,
0.09236809611320496,179.25180972,23300,634.02,23299,3100,0.00038740377599999997,2982400,0.042820971459150314,-0.03725551813840866,0.9829770382493734,-2.617027521133423,961,,
0.09235065430402756,182.86373966000002,23400,641.56,23399,3101,0.00038494617600000005,2995200,0.1822318434715271,-0.05973050743341446,0.9997408752678894,-2.5288383960723877,965,,
0.0922614187002182,161.02764534,23500,605.79,23499,3102,0.00038248857600000003,3008000,0.3439643681049347,0.07441450655460358,0.9734619110822678,-2.6826844215393066,969,,
0.09214431792497635,139.88635341999998,23600,577.8,23599,3103,0.00038003097600000006,3020800,0.04674437642097473,0.10916242003440857,0.991537231951952,-2.6427509784698486,973,,
0.09187096357345581,143.17451156999996,23700,585.31,23699,3104,0.00037757337600000004,3033600,9.111889839172363,0.9858595728874207,0.9840467404574156,-2.5391721725463867,977,,
0.09194302558898926,,,,23749,,0.000376344576,3040000,1.3901504278182983,-0.3992314338684082,0.9988823138410226,-2.6238200664520264,,686.8,210.48158800000002
0.09204009175300598,129.94798121999997,23800,560.13,23799,3094,0.000375115776,3046400,3.44307279586792,0.6633379459381104,0.9931191811338067,-2.525728702545166,984,,
0.09194377064704895,128.12710453000003,23900,565.92,23899,3095,0.00037265817600000005,3059200,0.5032616257667542,0.524150013923645,0.9995301832968835,-2.6828274726867676,988,,
0.09184624999761581,130.98822619,24000,560.73,23999,3096,0.00037020057600000003,3072000,6.562726020812988,-0.21534213423728943,0.9410542547702789,-2.6635982990264893,992,,
0.09172801673412323,122.65097755999997,24100,548.48,24099,3097,0.000367742976,3084800,32.30351638793945,-2.6136066913604736,0.9601196423172951,-2.5172228813171387,995,,
0.09177619218826294,118.54668292000002,24200,535.83,24199,3098,0.000365285376,3097600,26.693222045898438,-0.4688509702682495,0.9834312833845615,-2.5652847290039062,999,,
0.09152167290449142,128.76921606000002,24300,552.47,24299,3099,0.000362827776,3110400,0.0645856037735939,-0.08055993914604187,0.999919477457297,-2.6673994064331055,1003,,
0.09152060002088547,136.12089574,24400,570.06,24399,3100,0.000360370176,3123200,0.6644142866134644,0.008269134908914566,0.8889248073101044,-2.6299221515655518,1007,,
0.09153527021408081,126.37724567,24500,557.69,24499,3101,0.000357912576,3136000,1.7491077184677124,-0.6436740756034851,0.897162951529026,-2.557887077331543,1011,,
0.09156479686498642,129.87948845000003,24600,576.66,24599,3102,0.000355454976,3148800,4.61032772064209,-1.6206698417663574,0.6278092563152313,-2.719351053237915,1015,,
0.09173259884119034,141.21958432000002,24700,602.76,24699,3103,0.000352997376,3161600,0.565716564655304,0.9912870526313782,0.9995543709082995,-2.6743075847625732,1018,,
0.09185650944709778,134.21680163,24800,594.59,24799,3104,0.00035053977599999996,3174400,0.1460341215133667,0.21843580901622772,0.9726376868784428,-2.5997977256774902,1022,,
0.09178660809993744,113.83285217999999,24900,563.59,24899,3105,0.00034808217599999994,3187200,8.76645278930664,-1.0876193046569824,0.9901811322197318,-2.5524559020996094,1026,,
0.09149401634931564,,,,24999,,0.00034562457599999997,3200000,25.500732421875,-2.3434016704559326,0.9783555269241333,-2.8184750080108643,,539.4,124.79251800000002
,129.72138234,25000,582.76,,3096,,3200000,,,,,1033,,
0.09146023541688919,105.19638677,25100,540.71,25099,3097,0.00034316697600000006,3212800,1.6174200773239136,-0.05888839066028595,0.9989944988628849,-2.7298691272735596,1037,,
0.09119505435228348,114.41038538,25200,561.52,25199,3098,0.00034070937600000004,3225600,42.44146728515625,-2.9268031120300293,0.9534530080854893,-2.678690195083618,1041,,
0.09115961194038391,118.74977462000001,25300,561.43,25299,3099,0.00033825177600000007,3238400,0.1776004135608673,-0.11279290914535522,0.7789117097854614,-2.6960396766662598,1044,,
0.09077893197536469,161.3562616,25400,629.99,25399,3100,0.00033579417600000005,3251200,0.3687570095062256,0.22199442982673645,0.9664195664227009,-2.5892274379730225,1048,,
0.09076330810785294,171.64965340999998,25500,637.14,25499,3101,0.000333336576,3264000,0.11218494921922684,0.16371352970600128,0.9955254225060344,-2.45266056060791,1052,,
0.09070459008216858,198.39282563000003,25600,672.58,25599,3102,0.000330878976,3276800,0.40549349784851074,-0.31378626823425293,0.9996796462510247,-2.5510213375091553,1056,,
0.09055054932832718,219.08946824000003,25700,692.69,25699,3103,0.00032842137600000003,3289600,0.03989359363913536,-0.03918802738189697,0.9824201930314302,-2.591019630432129,1060,,
0.09057503938674927,226.57070499000002,25800,705.84,25799,3104,0.000325963776,3302400,0.08867048472166061,0.34569594264030457,0.9829337261617184,-2.537219524383545,1063,,
0.09054116904735565,216.88096882999997,25900,688.94,25899,3104,0.000323506176,3315200,0.05168509855866432,0.06836674362421036,0.98162398673594,-2.5584959983825684,1067,,
0.09067977219820023,206.67696550999997,26000,673.63,25999,3105,0.000321048576,3328000,0.07106714695692062,0.058867573738098145,0.9711075741797686,-2.5831515789031982,1071,,
0.09052691608667374,201.71820565000002,26100,669.2,26099,3106,0.000318590976,3340800,0.07263786345720291,0.023085942491889,0.9868740374222398,-2.6656980514526367,1075,,
0.09051016718149185,172.92653049,26200,619.74,26199,3107,0.000316133376,3353600,62.129661560058594,-1.9176175594329834,0.9350999891757965,-2.7445476055145264,1079,,
0.09054210036993027,,,,26249,,0.00031490457600000005,3360000,36.52851104736328,-0.214656800031662,0.9439519569277763,-2.5997064113616943,,538.4,130.26081319999997
0.09044285118579865,107.21848104,26300,507.41,26299,3098,0.00031367577599999996,3366400,0.8506469130516052,-0.615530252456665,0.9992694651591592,-2.7618699073791504,1086,,
0.090504489839077,49.53336546999999,26400,428.48,26399,3099,0.000311218176,3379200,0.21280574798583984,0.16097195446491241,0.9996054834628012,-2.732353687286377,1090,,
0.090598925948143,25.91331237,26500,403.85,26499,3100,0.00030876057599999997,3392000,0.4958495497703552,-0.3376997113227844,0.9526736699044704,-2.64627742767334,1094,,
0.09052693843841553,58.81660608,26600,459.6,26599,3101,0.00030630297599999994,3404800,0.0448884591460228,0.0350312739610672,0.9943721406161785,-2.6488468647003174,1097,,
0.09050893038511276,106.15142182,26700,533.64,26699,3102,0.0003038453760000001,3417600,2.6770167350769043,-0.5721695423126221,0.9976275055669248,-2.6941707134246826,1101,,
0.09043258428573608,131.84039788,26800,575.67,26799,3103,0.00030138777600000006,3430400,0.08710664510726929,0.20612752437591553,0.9949728851206601,-2.557748556137085,1105,,
0.09068667143583298,177.69633068,26900,631.83,26899,3103,0.00029893017600000004,3443200,0.06310726702213287,0.08327774703502655,0.9975665544625372,-2.598775625228882,1109,,
0.09076562523841858,209.18964176,27000,661.99,26999,3104,0.000296472576,3456000,0.059865597635507584,0.17486917972564697,0.9983773675048724,-2.7211146354675293,1113,,
0.09075912088155746,221.89844005999998,27100,670.09,27099,3105,0.00029401497600000005,3468800,20.311803817749023,-0.8663378953933716,0.9500753805041313,-2.6861047744750977,1116,,
0.0906747356057167,208.74710282,27200,643.94,27199,3106,0.00029155737600000003,3481600,10.486934661865234,-0.5921165347099304,0.9905416239053011,-2.660003185272217,1120,,
0.09066439419984818,229.64057695,27300,669.63,27299,3107,0.000289099776,3494400,0.048296377062797546,0.09524063766002655,0.9856472993269563,-2.7557554244995117,1124,,
0.09061645716428757,225.38455499000003,27400,661.37,27399,3108,0.00028664217600000004,3507200,5.078906059265137,1.4274954795837402,0.9918271405622363,-2.619767665863037,1128,,
0.09061994403600693,,,,27499,,0.000284184576,3520000,14.598743438720703,-0.1650632619857788,0.9848621869459748,-2.691765308380127,,475.6,72.5464252
,206.44102198000002,27500,636.49,,3100,,3520000,,,,,1135,,
0.09070226550102234,133.98223120000003,27600,543.28,27599,3101,0.000281726976,3532800,21.764116287231445,-0.7303675413131714,0.9747156649827957,-2.7393267154693604,1139,,
0.09062656760215759,104.52314351,27700,508.7,27699,3102,0.000279269376,3545600,8.214849472045898,-0.4325689673423767,0.9869236638769507,-2.8893094062805176,1142,,
0.09080493450164795,63.02693793,27800,461.0,27799,3103,0.000276811776,3558400,13.272568702697754,-0.6208081841468811,0.98603596072644,-2.79512095451355,1146,,
0.0908566415309906,61.46805550999999,27900,467.21,27899,3104,0.000274354176,3571200,48.37091064453125,-3.4420742988586426,0.9447003155946732,-2.74462890625,1150,,
0.09074662625789642,108.26815293,28000,535.68,27999,3104,0.00027189657599999996,3584000,0.06690660119056702,0.06564955413341522,0.9958448805846274,-2.558696746826172,1154,,
0.090749092400074,123.78490506999998,28100,551.04,28099,3105,0.000269438976,3596800,1.0365493297576904,-0.26540112495422363,0.9993208788218908,-2.640552520751953,1158,,
0.09070765227079391,149.2274221,28200,580.7,28199,3106,0.00026698137599999997,3609600,0.06721053272485733,0.05842544138431549,0.9926849859766662,-2.4524238109588623,1161,,
0.09059572964906693,174.04556890999996,28300,607.9,28299,3107,0.00026452377599999995,3622400,0.12286502867937088,0.028270352631807327,0.9998084695253056,-2.5077006816864014,1165,,
0.09053730964660645,189.9259012,28400,619.03,28399,3108,0.00026206617600000004,3635200,51.39213180541992,-1.3732653856277466,0.09395372867584229,-2.5412492752075195,1169,,
0.09040538966655731,184.9694537,28500,613.54,28499,3109,0.00025960857600000007,3648000,0.1130061224102974,-0.04383040964603424,0.9853606410324574,-2.5065321922302246,1173,,
0.09018947929143906,212.02252883999995,28600,650.46,28599,3110,0.00025715097600000005,3660800,42.472496032714844,-4.548392295837402,0.17820346355438232,-2.542750358581543,1176,,
0.09010040760040283,242.20161594,28700,691.42,28699,3111,0.000254693376,3673600,0.07824090123176575,0.011849625036120415,0.9970046817325056,-2.5222601890563965,1180,,
0.0901840478181839,,,,28749,,0.000253464576,3680000,0.08466249704360962,-0.11486449837684631,0.9934250200167298,-2.506019353866577,,725.8,293.360131
0.09020265936851501,242.11030342,28800,692.3,28799,3104,0.000252235776,3686400,0.07826382666826248,-0.13979598879814148,0.8466057479381561,-2.452650785446167,1187,,
0.09011257439851761,253.08041048999996,28900,709.23,28899,3105,0.00024977817600000003,3699200,0.05238543450832367,0.2190253585577011,0.8989220857620239,-2.350411891937256,1191,,
0.08999736607074738,245.33839374000001,29000,701.37,28999,3106,0.000247320576,3712000,0.06995338946580887,0.22762183845043182,0.9545252919197083,-2.3817272186279297,1195,,
0.09000945836305618,234.87869749999993,29100,685.91,29099,3107,0.000244862976,3724800,0.642619252204895,0.1347024142742157,0.9767599795013666,-2.418628215789795,1198,,
0.08995798975229263,230.37985671000007,29200,682.98,29199,3107,0.000242405376,3737600,0.142502099275589,-0.3143967390060425,0.9059448912739754,-2.3691458702087402,1202,,
0.08979345113039017,210.76317336999998,29300,653.28,29299,3109,0.000239947776,3750400,0.26273348927497864,0.16540400683879852,0.9997352749633137,-2.479494571685791,1206,,
0.08977140486240387,195.85960556999999,29400,633.65,29399,3110,0.00023749017599999998,3763200,0.07813678681850433,0.019029520452022552,0.987386972643435,-2.521171808242798,1210,,
0.08958492428064346,205.43036095999997,29500,644.38,29499,3110,0.00023503257599999998,3776000,0.3870716691017151,0.09064818918704987,0.9995164495485369,-2.4439587593078613,1213,,
0.08930124342441559,215.03538835,29600,656.66,29599,3111,0.000232574976,3788800,0.32435116171836853,0.14025363326072693,0.9993461521225981,-2.3943588733673096,1217,,
0.08944066613912582,231.45874433000006,29700,690.62,29699,3112,0.00023011737599999997,3801600,0.11213627457618713,-0.021741990000009537,0.9661448821425438,-2.5524561405181885,1221,,
0.08943385630846024,226.12788358999998,29800,678.41,29799,3113,0.00022765977599999997,3814400,0.055240195244550705,0.19542761147022247,0.9674066044390202,-2.4571309089660645,1225,,
0.08920452743768692,241.42662510999995,29900,699.61,29899,3114,0.00022520217599999995,3827200,3.035294532775879,-0.3065536618232727,0.9950319458730519,-2.401305913925171,1228,,
0.08928608894348145,,,,29999,,0.00022274457600000006,3840000,1.6367859840393066,-0.9215195178985596,0.9987925058230758,-2.415187120437622,,708.2,267.8861162
,233.00816506000004,30000,689.8,,3108,,3840000,,,,,1235,,
0.08911030739545822,220.98700437,30100,670.69,30099,3109,0.00022028697600000004,3852800,0.22301828861236572,-0.038290221244096756,0.971849013119936,-2.4846274852752686,1239,,
0.08897507935762405,219.06185547000004,30200,654.92,30199,3109,0.00021782937600000005,3865600,158.82183837890625,-12.989456176757812,0.6355125606060028,-2.490691900253296,1242,,
0.0888945460319519,212.95633045000002,30300,646.6,30299,3111,0.00021537177600000002,3878400,0.12916944921016693,-0.4130300283432007,0.75703164935112,-2.3420181274414062,1246,,
0.08877844363451004,217.64072449999995,30400,654.86,30399,3112,0.00021291417600000003,3891200,7.95333194732666,-1.0179816484451294,0.9847191628068686,-2.4791207313537598,1250,,
0.08874228596687317,219.23479505000006,30500,660.7,30499,3113,0.00021045657600000004,3904000,0.13004156947135925,-0.23481544852256775,0.9935830039903522,-2.4530420303344727,1254,,
0.08860035240650177,218.28580634000002,30600,662.92,30599,3113,0.000207998976,3916800,0.18714511394500732,-0.012665416114032269,0.9997827882034471,-2.3071088790893555,1257,,
0.08843375742435455,213.49564943000001,30700,654.2,30699,3114,0.00020554137600000002,3929600,0.0425996407866478,0.03803437948226929,0.9932612278498709,-2.4828453063964844,1261,,
0.0884314626455307,215.35866064,30800,654.46,30799,3115,0.000203083776,3942400,0.060518212616443634,-0.09079128503799438,0.9301914051175117,-2.5142197608947754,1265,,
0.0884830504655838,214.81136439000002,30900,649.0,30899,3116,0.000200626176,3955200,24.493045806884766,-4.0597333908081055,0.5008649230003357,-2.45578670501709,1269,,
0.0884682685136795,224.84544404,31000,658.73,30999,3117,0.00019816857599999998,3968000,1.817320466041565,-0.05073656141757965,0.9987321186345071,-2.5555367469787598,1272,,
0.08835040032863617,232.28368843,31100,663.08,31099,3118,0.00019571097599999998,3980800,0.06196404993534088,-0.0811270996928215,0.9943555109202862,-2.4571382999420166,1276,,
0.088290274143219,233.69115076000003,31200,668.22,31199,3119,0.000193253376,3993600,0.766273558139801,-0.713381826877594,0.9565928094089031,-2.3276495933532715,1280,,
0.0882260650396347,,,,31249,,0.00019202457600000003,4000000,182.6160125732422,-15.637667655944824,0.6539828777313232,-2.523848056793213,,540.8,137.6513358
0.08819597959518433,218.02119271999996,31300,641.48,31299,3112,0.00019079577599999997,4006400,0.34187397360801697,0.5240638256072998,0.9997752256749664,-2.449101448059082,1287,,
0.08818497508764267,209.13950074999997,31400,631.08,31399,3113,0.00018833817599999997,4019200,100.89634704589844,-1.7261662483215332,0.8012171238660812,-2.4839112758636475,1290,,
0.0882159173488617,200.23455257999998,31500,619.83,31499,3114,0.00018588057599999995,4032000,1.1940150260925293,-0.470599889755249,0.8312292993068695,-2.4898056983947754,1294,,
0.08823765814304352,186.27496272000005,31600,602.89,31599,3115,0.00018342297599999996,4044800,14.63212776184082,0.13357478380203247,0.9810467455536127,-2.604224681854248,1298,,
0.0881868228316307,188.69185807999997,31700,603.44,31699,3116,0.00018096537600000004,4057600,0.07513546198606491,-0.02047869749367237,0.9969302171375602,-2.492432117462158,1302,,
0.08809883147478104,189.41619853999998,31800,605.43,31799,3117,0.00017850777600000005,4070400,1.2185779809951782,1.3796719312667847,0.998791002552025,-2.4379830360412598,1305,,
0.08812765777111053,144.22336811999998,31900,540.2,31899,3118,0.00017605017600000005,4083200,83.2712173461914,-1.4643656015396118,0.9525732658803463,-2.6133203506469727,1309,,
0.08812510222196579,128.3931176,32000,519.48,31999,3118,0.00017359257600000003,4096000,13.279638290405273,0.8484413623809814,0.9941539634019136,-2.5064635276794434,1313,,
0.08799933642148972,76.18633311000002,32100,448.66,32099,3119,0.00017113497600000004,4108800,7.440422058105469,0.5353890657424927,0.9965807315893471,-2.614753484725952,1317,,
0.08796976506710052,83.15941844999998,32200,457.09,32199,3120,0.000168677376,4121600,0.22868816554546356,0.02540784329175949,0.7839536368846893,-2.499091386795044,1320,,
0.08806386590003967,109.22346481000001,32300,494.33,32299,3121,0.00016621977600000002,4134400,1.2646582126617432,0.9612208604812622,0.03781604766845703,-2.503767967224121,1324,,
0.08801745623350143,137.91375116999998,32400,532.51,32399,3122,0.000163762176,4147200,0.6505866050720215,0.22546124458312988,0.9457639828324318,-2.46097731590271,1328,,
0.08813215792179108,,,,32499,,0.000161304576,4160000,0.09710071980953217,0.3279833197593689,0.9936585300602019,-2.5036308765411377,,639.0,215.3429888
,164.48542114,32500,568.17,,3115,,4160000,,,,,1335,,
0.08806703984737396,180.31535786,32600,589.96,32599,3116,0.000158846976,4172800,0.0328369215130806,-0.025447115302085876,0.9979526065289974,-2.5650086402893066,1338,,
0.08805973827838898,191.72131579,32700,601.37,32699,3117,0.00015638937599999998,4185600,0.05174268037080765,0.09996020793914795,0.9640537686645985,-2.444143772125244,1342,,
0.08801453560590744,198.26580938000004,32800,612.58,32799,3118,0.000153931776,4198400,6.344339847564697,-0.7850733399391174,0.9894326999783516,-2.421319007873535,1346,,
0.08798612654209137,166.46471677000005,32900,571.03,32899,3119,0.00015147417599999997,4211200,85.29066467285156,-3.2710485458374023,0.30621206760406494,-2.3995308876037598,1350,,
0.08792780339717865,175.71725316000004,33000,582.52,32999,3119,0.00014901657599999997,4224000,57.99694061279297,-3.222252368927002,0.9531130716204643,-2.488913059234619,1353,,
0.0878891795873642,166.01104977,33100,569.95,33099,3120,0.00014655897599999995,4236800,0.06334472447633743,0.1691984087228775,0.997098331572488,-2.4118430614471436,1357,,
0.0879022628068924,143.36275071,33200,537.56,33199,3121,0.00014410137599999996,4249600,9.915237426757812,1.6941742897033691,0.3502737879753113,-2.2883548736572266,1361,,
0.08789749443531036,144.39265685,33300,540.08,33299,3122,0.00014164377600000004,4262400,153.5948486328125,-9.96013355255127,0.9291232228279114,-2.49607515335083,1365,,
0.08784948289394379,137.92466542,33400,536.44,33399,3123,0.00013918617600000005,4275200,0.3955579400062561,-0.4667069911956787,0.9346609935164452,-2.428298234939575,1368,,
0.08777996897697449,146.57519315000002,33500,550.68,33499,3123,0.00013672857600000005,4288000,3.569978952407837,-1.8676910400390625,0.9956746506504714,-2.374495267868042,1372,,
0.08770385384559631,148.75455935999997,33600,554.0,33599,3124,0.00013427097600000003,4300800,64.7170639038086,-2.311613082885742,0.9013185426592827,-2.440769910812378,1376,,
0.08758638054132462,157.89843354,33700,564.02,33699,3125,0.00013181337600000004,4313600,35.546443939208984,-1.1899991035461426,0.921645998954773,-2.4906654357910156,1380,,
0.0875776931643486,,,,33749,,0.00013058457599999997,4320000,18.212533950805664,-0.8555896282196045,0.9644663259387016,-2.4525885581970215,,718.4,295.217531
0.0875607281923294,168.73601975000003,33800,571.61,33799,3119,0.00012935577600000001,4326400,0.4011538326740265,0.13680678606033325,0.9996076307143085,-2.407921314239502,1387,,
0.08753751218318939,178.34784754,33900,585.61,33899,3120,0.00012689817600000002,4339200,0.12195298820734024,0.20103013515472412,0.9999351046935772,-2.397430896759033,1390,,
0.08759336173534393,177.58913371000003,34000,579.47,33999,3120,0.00012444057600000002,4352000,1.5230145454406738,-0.4060249328613281,0.9991006228956394,-2.44638991355896,1394,,
0.08757086098194122,179.50973654,34100,585.74,34099,3121,0.000121982976,4364800,43.9848518371582,-3.315741777420044,0.9760634191334248,-2.4661052227020264,1398,,
0.08756977319717407,177.63967761999996,34200,589.88,34199,3122,0.000119525376,4377600,0.5931801199913025,0.10337178409099579,0.8951744809746742,-2.423696756362915,1401,,
0.08751115947961807,178.44126333,34300,595.49,34299,3123,0.00011706777599999998,4390400,2.631704330444336,-1.052384614944458,0.9961242566350847,-2.424854278564453,1405,,
0.08748428523540497,171.82076461,34400,590.46,34399,3124,0.00011461017599999999,4403200,0.23796908557415009,0.4280250072479248,0.9874952407553792,-2.3343634605407715,1409,,
0.08752566576004028,179.5128946,34500,603.25,34499,3124,0.00011215257599999998,4416000,0.5768154263496399,-0.7596727013587952,0.9992575133801438,-2.4504849910736084,1413,,
0.08747982978820801,180.90520712999998,34600,606.2,34599,3125,0.00010969497599999997,4428800,0.15155747532844543,0.11206703633069992,0.999858354407479,-2.457925319671631,1416,,
0.08748812973499298,196.21936151999998,34700,620.44,34699,3126,0.00010723737599999996,4441600,0.10491587966680527,-0.06096108257770538,0.9963959164451808,-2.3754899501800537,1420,,
0.08749822527170181,203.83685024,34800,626.89,34799,3127,0.00010477977599999996,4454400,0.4011240601539612,0.25383955240249634,0.9996279363986105,-2.488090991973877,1424,,
0.08749672770500183,194.6342742,34900,609.54,34899,3127,0.00010232217599999995,4467200,50.746253967285156,-3.60433292388916,0.9634002521634102,-2.4244606494903564,1428,,
0.08750224113464355,,,,34999,,9.986457600000005e-05,4480000,174.56060791015625,-5.933407783508301,0.5921559035778046,-2.4370081424713135,,633.8,190.49521220000003
,170.81013299000003,35000,580.71,,3122,,4480000,,,,,1434,,
0.08746323734521866,158.06824445,35100,563.43,35099,3122,9.740697600000004e-05,4492800,0.22082538902759552,-0.2615024745464325,0.9888399746268988,-2.387439250946045,1438,,
0.08744166791439056,132.73243992999997,35200,533.32,35199,3123,9.494937600000004e-05,4505600,0.41819196939468384,-0.22352516651153564,0.9996443798299879,-2.3628573417663574,1442,,
0.08739861100912094,130.74397367999998,35300,526.25,35299,3124,9.249177600000004e-05,4518400,5.794193744659424,0.9619889855384827,0.992626512888819,-2.343762159347534,1446,,
0.08735224604606628,132.50612672,35400,529.91,35399,3125,9.003417600000003e-05,4531200,6.578596115112305,0.8755370378494263,0.9926406014710665,-2.4605860710144043,1449,,
0.08730943500995636,137.33772919999998,35500,542.79,35499,3125,8.757657600000002e-05,4544000,76.81090545654297,-5.811866760253906,0.9336093962192535,-2.4137344360351562,1453,,
0.08727079629898071,150.21992292,35600,561.69,35599,3126,8.511897600000001e-05,4556800,126.15242004394531,-11.684151649475098,0.014330685138702393,-2.3723196983337402,1457,,
0.08726690709590912,163.83840403000002,35700,582.8,35699,3127,8.2661376e-05,4569600,9.543112754821777,-3.208968162536621,0.9945003846660256,-2.5332651138305664,1461,,
0.08722568303346634,166.84435879,35800,582.51,35799,3127,8.0203776e-05,4582400,0.23533400893211365,0.3997441828250885,0.9998624661529902,-2.487855911254883,1465,,
0.08721267431974411,168.28199191999997,35900,580.12,35899,3128,7.7746176e-05,4595200,0.08278987556695938,0.2511909008026123,0.9900217233225703,-2.3488893508911133,1468,,
0.0872526615858078,169.82189646000006,36000,575.81,35999,3129,7.528857599999999e-05,4608000,182.58740234375,2.4434165954589844,0.3363270163536072,-2.4266464710235596,1472,,
0.08729498833417892,152.99931990000002,36100,551.99,36099,3130,7.283097599999998e-05,4620800,0.13449877500534058,-0.09767588973045349,0.9915250185877085,-2.3952651023864746,1476,,
0.08726101368665695,137.61570706,36200,529.24,36199,3130,7.037337599999997e-05,4633600,19.563796997070312,-2.3319451808929443,0.8594368249177933,-2.4711782932281494,1479,,
0.08724886178970337,,,,36249,,6.914457600000003e-05,4640000,0.6093969345092773,-0.3636353313922882,0.9991114777512848,-2.388793468475342,,513.2,138.5641018
0.08722297847270966,143.34345052,36300,533.71,36299,3125,6.791577599999996e-05,4646400,0.5267511606216431,0.2699489891529083,0.8684899359941483,-2.385347366333008,1486,,
0.08726168423891068,138.81167755999996,36400,527.95,36399,3126,6.545817599999996e-05,4659200,0.16590480506420135,-0.030467648059129715,0.9997691314929398,-2.4944074153900146,1490,,
0.08729726076126099,143.73164725,36500,537.57,36499,3126,6.300057599999995e-05,4672000,0.37129080295562744,-0.07370518893003464,0.9998324318730738,-2.4574315547943115,1494,,
0.08729250729084015,136.7215394,36600,527.85,36599,3127,6.0542976000000055e-05,4684800,0.1733371615409851,0.24697093665599823,0.9998165575525491,-2.4657442569732666,1497,,
0.08726749569177628,128.3000434,36700,519.99,36699,3128,5.8085376000000046e-05,4697600,0.4357869029045105,0.06799252331256866,0.999448474845849,-2.3715627193450928,1501,,
0.08726247400045395,132.41426196,36800,523.76,36799,3129,5.5627776000000045e-05,4710400,0.26969966292381287,0.273285448551178,0.9868256440386176,-2.4093754291534424,1505,,
0.08727134019136429,140.23522766000002,36900,532.98,36899,3129,5.3170176000000036e-05,4723200,27.618370056152344,-1.2799954414367676,0.39387983083724976,-2.479495048522949,1509,,
0.0872737318277359,160.47933650000002,37000,561.51,36999,3130,5.071257600000003e-05,4736000,0.23468714952468872,0.31053096055984497,0.9997036850254517,-2.5363194942474365,1512,,
0.0872383564710617,176.3487537,37100,585.09,37099,3131,4.825497600000002e-05,4748800,3.7796123027801514,-0.34912723302841187,0.9021847769618034,-2.354132652282715,1516,,
0.08723395317792892,188.83860913000004,37200,597.98,37199,3132,4.579737600000002e-05,4761600,6.277522087097168,0.5312270522117615,0.42595458030700684,-2.461629629135132,1520,,
0.08719850331544876,185.44963859999996,37300,595.52,37299,3133,4.333977600000001e-05,4774400,52.67201614379883,-3.383174419403076,0.9227146506309509,-2.3706655502319336,1523,,
0.08719833195209503,189.3281036,37400,598.47,37399,3133,4.0882176e-05,4787200,1.6241062879562378,-1.0823172330856323,0.9993713648291305,-2.5456385612487793,1527,,
0.08719498664140701,,,,37499,,3.8424576e-05,4800000,146.3426513671875,-7.321482181549072,0.6057813167572021,-2.4006927013397217,,590.8,201.4016294
,182.75449321,37500,586.08,,3128,,4800000,,,,,1534,,
0.08720613270998001,188.62129944,37600,589.33,37599,3129,3.596697599999999e-05,4812800,1.4580191373825073,-0.6353709697723389,0.9986932977335528,-2.597339630126953,1538,,
0.0871846154332161,167.55566438000002,37700,566.46,37699,3130,3.350937599999998e-05,4825600,3.581514596939087,-0.2915911376476288,0.780227780342102,-2.394031524658203,1541,,
0.08718723803758621,159.17238013999997,37800,555.85,37799,3130,3.1051775999999974e-05,4838400,0.14167548716068268,0.13077640533447266,0.9999112543955562,-2.4419479370117188,1545,,
0.08718842267990112,152.1145045,37900,547.96,37899,3131,2.859417599999997e-05,4851200,37.58915710449219,-2.6248881816864014,0.9720558263361454,-2.448732614517212,1549,,
0.08717954158782959,146.90822669000002,38000,549.04,37999,3132,2.6136575999999964e-05,4864000,182.42738342285156,-10.383232116699219,0.8813327699899673,-2.576706886291504,1552,,
0.08716989308595657,128.62125613999999,38100,517.31,38099,3132,2.3678975999999955e-05,4876800,13.460983276367188,-1.1411712169647217,0.42072993516921997,-2.4248318672180176,1556,,
0.08716079592704773,146.61854213000004,38200,542.71,38199,3133,2.122137599999995e-05,4889600,142.59214782714844,4.995237350463867,0.9015625268220901,-2.500901222229004,1560,,
0.08716154843568802,138.22644271,38300,528.47,38299,3134,1.876377600000005e-05,4902400,4.192783832550049,-0.010931387543678284,0.9920654790475965,-2.37229061126709,1564,,
0.08717367798089981,137.80324742999997,38400,531.13,38399,3134,1.6306176000000045e-05,4915200,34.337032318115234,-2.2824244499206543,0.9783169887959957,-2.434764862060547,1567,,
0.08717535436153412,153.72061534000002,38500,552.32,38499,3135,1.3848576000000036e-05,4928000,0.7430339455604553,0.19570182263851166,0.9162663221359253,-2.4706504344940186,1571,,
0.0871715173125267,141.70118665,38600,535.96,38599,3136,1.1390976000000031e-05,4940800,64.1407470703125,-1.8754628896713257,0.8789495676755905,-2.4732930660247803,1575,,
0.08716677129268646,145.65175763,38700,540.8,38699,3137,8.933376000000025e-06,4953600,16.08635711669922,-0.9231880307197571,0.9861447988077998,-2.557612657546997,1579,,
0.08716771006584167,,,,38749,,7.704575999999968e-06,4960000,0.1295607089996338,-0.0927053913474083,0.9998289829964051,-2.5330114364624023,,615.6,233.5259696
0.08716849237680435,148.4218832,38800,538.72,38799,3131,6.475776000000018e-06,4966400,2.0674610137939453,0.31491222977638245,0.7359048128128052,-2.3575634956359863,1585,,
0.08716767281293869,148.64094928,38900,542.04,38899,3132,4.018176000000011e-06,4979200,0.04589017480611801,0.28739723563194275,0.9848839519545436,-2.4628303050994873,1589,,
0.08716675639152527,144.48991875,39000,536.02,38999,3133,1.5605760000000046e-06,4992000,0.506067156791687,-0.737772524356842,0.9866759302094579,-2.3790812492370605,1593,,
